workload,redundancy,regime,prompt_length,generation_length,cached_generation_length,prompt_fraction,generated_fraction,requested_retained_fraction,actual_retained_fraction,full_cache_metric,solvable,method,method_key,metric_mean,metric_stdev,metric_samples,metric_ci_low,metric_ci_high,scoring_advantage,advantage_ci_low,advantage_ci_high,prompt_retained,generated_retained,total_retained,generated_position_mean,kv_bytes,flags
multistep,high,prompt_protected,395,96,95,0.8061224489795918,0.19387755102040816,0.9,0.8996574692605954,0.0,False,H2O (prompt-protected),pp-h2o,0.0,0.0,6,0.0,0.0,0.0,0.0,0.0,395.0,45.833333333333336,440.8333333333333,440.2979826444802,8125440.0,"full cache scores 0.00: the model cannot do this task uncompressed here, so nothing below it is evidence about compression"
multistep,high,prompt_protected,395,96,95,0.8061224489795918,0.19387755102040816,0.9,0.8996574692605954,0.0,False,Prompt-protected random,random,0.0,0.0,6,0.0,0.0,,,,395.0,45.833333333333336,440.8333333333333,451.3437969672571,8125440.0,"full cache scores 0.00: the model cannot do this task uncompressed here, so nothing below it is evidence about compression"
multistep,high,published,395,96,95,0.8061224489795918,0.19387755102040816,0.3,0.3000022247140548,0.0,False,CAKE-style,cake,0.0,0.0,6,0.0,0.0,,,,52.0,95.0,147.0,442.0,2709504.0,"full cache scores 0.00: the model cannot do this task uncompressed here, so nothing below it is evidence about compression"
multistep,high,published,395,96,95,0.8061224489795918,0.19387755102040816,0.3,0.3000022247140548,0.0,False,H2O,h2o,0.0,0.0,6,0.0,0.0,,,,101.39583333333333,45.604166666666664,147.0,461.12520544475365,2709504.0,"full cache scores 0.00: the model cannot do this task uncompressed here, so nothing below it is evidence about compression"
multistep,high,published,395,96,95,0.8061224489795918,0.19387755102040816,0.3,0.3000022247140548,0.0,False,OBCache 1st-order,obcache,0.0,0.0,6,0.0,0.0,,,,52.0,95.0,147.0,442.0,2709504.0,"full cache scores 0.00: the model cannot do this task uncompressed here, so nothing below it is evidence about compression"
multistep,high,published,395,96,95,0.8061224489795918,0.19387755102040816,0.3,0.3000022247140548,0.0,False,SnapKV,snapkv,0.0,0.0,6,0.0,0.0,,,,52.0,95.0,147.0,442.0,2709504.0,"full cache scores 0.00: the model cannot do this task uncompressed here, so nothing below it is evidence about compression"
multistep,high,published,395,96,95,0.8061224489795918,0.19387755102040816,0.6,0.5996615052418953,0.0,False,CAKE-style,cake,0.0,0.0,6,0.0,0.0,,,,198.83333333333334,95.0,293.8333333333333,442.0,5415936.0,"full cache scores 0.00: the model cannot do this task uncompressed here, so nothing below it is evidence about compression"
multistep,high,published,395,96,95,0.8061224489795918,0.19387755102040816,0.6,0.5996615052418953,0.0,False,H2O,h2o,0.0,0.0,6,0.0,0.0,,,,212.09722222222223,81.73611111111111,293.8333333333333,447.88611925444854,5415936.0,"full cache scores 0.00: the model cannot do this task uncompressed here, so nothing below it is evidence about compression"
multistep,high,published,395,96,95,0.8061224489795918,0.19387755102040816,0.6,0.5996615052418953,0.0,False,OBCache 1st-order,obcache,0.0,0.0,6,0.0,0.0,,,,198.83333333333334,95.0,293.8333333333333,442.0,5415936.0,"full cache scores 0.00: the model cannot do this task uncompressed here, so nothing below it is evidence about compression"
multistep,high,published,395,96,95,0.8061224489795918,0.19387755102040816,0.6,0.5996615052418953,0.0,False,SnapKV,snapkv,0.0,0.0,6,0.0,0.0,,,,198.83333333333334,95.0,293.8333333333333,442.0,5415936.0,"full cache scores 0.00: the model cannot do this task uncompressed here, so nothing below it is evidence about compression"
multistep,high,published,395,96,95,0.8061224489795918,0.19387755102040816,0.9,0.8996574692605954,0.0,False,CAKE-style,cake,0.0,0.0,6,0.0,0.0,0.0,0.0,0.0,345.8333333333333,95.0,440.8333333333333,442.0,8125440.0,"full cache scores 0.00: the model cannot do this task uncompressed here, so nothing below it is evidence about compression"
multistep,high,published,395,96,95,0.8061224489795918,0.19387755102040816,0.9,0.8996574692605954,0.0,False,H2O,h2o,0.0,0.0,6,0.0,0.0,0.0,0.0,0.0,345.8333333333333,95.0,440.8333333333333,442.0,8125440.0,"full cache scores 0.00: the model cannot do this task uncompressed here, so nothing below it is evidence about compression"
multistep,high,published,395,96,95,0.8061224489795918,0.19387755102040816,0.9,0.8996574692605954,0.0,False,OBCache 1st-order,obcache,0.0,0.0,6,0.0,0.0,0.0,0.0,0.0,345.8333333333333,95.0,440.8333333333333,442.0,8125440.0,"full cache scores 0.00: the model cannot do this task uncompressed here, so nothing below it is evidence about compression"
multistep,high,published,395,96,95,0.8061224489795918,0.19387755102040816,0.9,0.8996574692605954,0.0,False,Prompt-protected random,random,0.0,0.0,6,0.0,0.0,,,,395.0,45.833333333333336,440.8333333333333,451.3437969672571,8125440.0,"full cache scores 0.00: the model cannot do this task uncompressed here, so nothing below it is evidence about compression"
multistep,high,published,395,96,95,0.8061224489795918,0.19387755102040816,0.9,0.8996574692605954,0.0,False,SnapKV,snapkv,0.0,0.0,6,0.0,0.0,0.0,0.0,0.0,345.8333333333333,95.0,440.8333333333333,442.0,8125440.0,"full cache scores 0.00: the model cannot do this task uncompressed here, so nothing below it is evidence about compression"
multistep,low,prompt_protected,131.33333333333334,64,63,0.6758147512864494,0.3241852487135506,0.9,0.9005179888268063,0.0,False,H2O (prompt-protected),pp-h2o,0.0,0.0,6,0.0,0.0,0.0,0.0,0.0,131.33333333333334,43.666666666666664,175.0,161.8972635756793,3225600.0,"full cache scores 0.00: the model cannot do this task uncompressed here, so nothing below it is evidence about compression"
multistep,low,prompt_protected,131.33333333333334,64,63,0.6758147512864494,0.3241852487135506,0.9,0.9005179888268063,0.0,False,Prompt-protected random,random,0.0,0.0,6,0.0,0.0,,,,131.33333333333334,43.666666666666664,175.0,164.13499701472085,3225600.0,"full cache scores 0.00: the model cannot do this task uncompressed here, so nothing below it is evidence about compression"
multistep,low,prompt_protected,393.3333333333333,96,95,0.8054607508532423,0.1945392491467577,0.9,0.9003412845904867,0.0,False,H2O (prompt-protected),pp-h2o,0.0,0.0,6,0.0,0.0,0.0,0.0,0.0,393.3333333333333,46.333333333333336,439.6666666666667,438.3476451416727,8103936.0,"full cache scores 0.00: the model cannot do this task uncompressed here, so nothing below it is evidence about compression"
multistep,low,prompt_protected,393.3333333333333,96,95,0.8054607508532423,0.1945392491467577,0.9,0.9003412845904867,0.0,False,Prompt-protected random,random,0.0,0.0,6,0.0,0.0,,,,393.3333333333333,46.333333333333336,439.6666666666667,449.434687317984,8103936.0,"full cache scores 0.00: the model cannot do this task uncompressed here, so nothing below it is evidence about compression"
multistep,low,published,131.33333333333334,64,63,0.6758147512864494,0.3241852487135506,0.3,0.3001730586258135,0.0,False,H2O,h2o,0.0,0.0,6,0.0,0.0,,,,38.89814814814815,19.435185185185183,58.333333333333336,177.6439283272962,1075200.0,"full cache scores 0.00: the model cannot do this task uncompressed here, so nothing below it is evidence about compression"
multistep,low,published,131.33333333333334,64,63,0.6758147512864494,0.3241852487135506,0.6,0.5994814629531369,0.0,False,CAKE-style,cake,0.0,0.0,6,0.0,0.0,,,,53.5,63.0,116.5,162.33333333333334,2147328.0,"full cache scores 0.00: the model cannot do this task uncompressed here, so nothing below it is evidence about compression"
multistep,low,published,131.33333333333334,64,63,0.6758147512864494,0.3241852487135506,0.6,0.5994814629531369,0.0,False,H2O,h2o,0.0,0.0,6,0.0,0.0,,,,77.17361111111111,39.326388888888886,116.5,170.68503025531908,2147328.0,"full cache scores 0.00: the model cannot do this task uncompressed here, so nothing below it is evidence about compression"
multistep,low,published,131.33333333333334,64,63,0.6758147512864494,0.3241852487135506,0.6,0.5994814629531369,0.0,False,OBCache 1st-order,obcache,0.0,0.0,6,0.0,0.0,,,,53.5,63.0,116.5,162.33333333333334,2147328.0,"full cache scores 0.00: the model cannot do this task uncompressed here, so nothing below it is evidence about compression"
multistep,low,published,131.33333333333334,64,63,0.6758147512864494,0.3241852487135506,0.6,0.5994814629531369,0.0,False,SnapKV,snapkv,0.0,0.0,6,0.0,0.0,,,,53.5,63.0,116.5,162.33333333333334,2147328.0,"full cache scores 0.00: the model cannot do this task uncompressed here, so nothing below it is evidence about compression"
multistep,low,published,131.33333333333334,64,63,0.6758147512864494,0.3241852487135506,0.9,0.9005179888268063,0.0,False,CAKE-style,cake,0.0,0.0,6,0.0,0.0,0.0,0.0,0.0,112.0,63.0,175.0,162.33333333333334,3225600.0,"full cache scores 0.00: the model cannot do this task uncompressed here, so nothing below it is evidence about compression"
multistep,low,published,131.33333333333334,64,63,0.6758147512864494,0.3241852487135506,0.9,0.9005179888268063,0.0,False,H2O,h2o,0.0,0.0,6,0.0,0.0,0.0,0.0,0.0,117.43981481481482,57.56018518518518,175.0,164.24936065586905,3225600.0,"full cache scores 0.00: the model cannot do this task uncompressed here, so nothing below it is evidence about compression"
multistep,low,published,131.33333333333334,64,63,0.6758147512864494,0.3241852487135506,0.9,0.9005179888268063,0.0,False,OBCache 1st-order,obcache,0.0,0.0,6,0.0,0.0,0.0,0.0,0.0,112.0,63.0,175.0,162.33333333333334,3225600.0,"full cache scores 0.00: the model cannot do this task uncompressed here, so nothing below it is evidence about compression"
multistep,low,published,131.33333333333334,64,63,0.6758147512864494,0.3241852487135506,0.9,0.9005179888268063,0.0,False,Prompt-protected random,random,0.0,0.0,6,0.0,0.0,,,,131.33333333333334,43.666666666666664,175.0,164.13499701472085,3225600.0,"full cache scores 0.00: the model cannot do this task uncompressed here, so nothing below it is evidence about compression"
multistep,low,published,131.33333333333334,64,63,0.6758147512864494,0.3241852487135506,0.9,0.9005179888268063,0.0,False,SnapKV,snapkv,0.0,0.0,6,0.0,0.0,0.0,0.0,0.0,112.0,63.0,175.0,162.33333333333334,3225600.0,"full cache scores 0.00: the model cannot do this task uncompressed here, so nothing below it is evidence about compression"
multistep,low,published,393.3333333333333,96,95,0.8054607508532423,0.1945392491467577,0.3,0.2999980314395178,0.0,False,CAKE-style,cake,0.0,0.0,6,0.0,0.0,,,,51.5,95.0,146.5,440.3333333333333,2700288.0,"full cache scores 0.00: the model cannot do this task uncompressed here, so nothing below it is evidence about compression"
multistep,low,published,393.3333333333333,96,95,0.8054607508532423,0.1945392491467577,0.3,0.2999980314395178,0.0,False,H2O,h2o,0.0,0.0,6,0.0,0.0,,,,100.77314814814815,45.726851851851855,146.5,459.26748234682816,2700288.0,"full cache scores 0.00: the model cannot do this task uncompressed here, so nothing below it is evidence about compression"
multistep,low,published,393.3333333333333,96,95,0.8054607508532423,0.1945392491467577,0.3,0.2999980314395178,0.0,False,OBCache 1st-order,obcache,0.0,0.0,6,0.0,0.0,,,,51.5,95.0,146.5,440.3333333333333,2700288.0,"full cache scores 0.00: the model cannot do this task uncompressed here, so nothing below it is evidence about compression"
multistep,low,published,393.3333333333333,96,95,0.8054607508532423,0.1945392491467577,0.3,0.2999980314395178,0.0,False,SnapKV,snapkv,0.0,0.0,6,0.0,0.0,,,,51.5,95.0,146.5,440.3333333333333,2700288.0,"full cache scores 0.00: the model cannot do this task uncompressed here, so nothing below it is evidence about compression"
multistep,low,published,393.3333333333333,96,95,0.8054607508532423,0.1945392491467577,0.6,0.6003432531509688,0.0,False,CAKE-style,cake,0.0,0.0,6,0.0,0.0,,,,198.16666666666666,95.0,293.1666666666667,440.3333333333333,5403648.0,"full cache scores 0.00: the model cannot do this task uncompressed here, so nothing below it is evidence about compression"
multistep,low,published,393.3333333333333,96,95,0.8054607508532423,0.1945392491467577,0.6,0.6003432531509688,0.0,False,H2O,h2o,0.0,0.0,6,0.0,0.0,,,,211.4537037037037,81.71296296296296,293.1666666666667,446.2007360727226,5403648.0,"full cache scores 0.00: the model cannot do this task uncompressed here, so nothing below it is evidence about compression"
multistep,low,published,393.3333333333333,96,95,0.8054607508532423,0.1945392491467577,0.6,0.6003432531509688,0.0,False,OBCache 1st-order,obcache,0.0,0.0,6,0.0,0.0,,,,198.16666666666666,95.0,293.1666666666667,440.3333333333333,5403648.0,"full cache scores 0.00: the model cannot do this task uncompressed here, so nothing below it is evidence about compression"
multistep,low,published,393.3333333333333,96,95,0.8054607508532423,0.1945392491467577,0.6,0.6003432531509688,0.0,False,SnapKV,snapkv,0.0,0.0,6,0.0,0.0,,,,198.16666666666666,95.0,293.1666666666667,440.3333333333333,5403648.0,"full cache scores 0.00: the model cannot do this task uncompressed here, so nothing below it is evidence about compression"
multistep,low,published,393.3333333333333,96,95,0.8054607508532423,0.1945392491467577,0.9,0.9003412845904867,0.0,False,CAKE-style,cake,0.0,0.0,6,0.0,0.0,0.0,0.0,0.0,344.6666666666667,95.0,439.6666666666667,440.3333333333333,8103936.0,"full cache scores 0.00: the model cannot do this task uncompressed here, so nothing below it is evidence about compression"
multistep,low,published,393.3333333333333,96,95,0.8054607508532423,0.1945392491467577,0.9,0.9003412845904867,0.0,False,H2O,h2o,0.0,0.0,6,0.0,0.0,0.0,0.0,0.0,344.6666666666667,95.0,439.6666666666667,440.3333333333333,8103936.0,"full cache scores 0.00: the model cannot do this task uncompressed here, so nothing below it is evidence about compression"
multistep,low,published,393.3333333333333,96,95,0.8054607508532423,0.1945392491467577,0.9,0.9003412845904867,0.0,False,OBCache 1st-order,obcache,0.0,0.0,6,0.0,0.0,0.0,0.0,0.0,344.6666666666667,95.0,439.6666666666667,440.3333333333333,8103936.0,"full cache scores 0.00: the model cannot do this task uncompressed here, so nothing below it is evidence about compression"
multistep,low,published,393.3333333333333,96,95,0.8054607508532423,0.1945392491467577,0.9,0.9003412845904867,0.0,False,Prompt-protected random,random,0.0,0.0,6,0.0,0.0,,,,393.3333333333333,46.333333333333336,439.6666666666667,449.434687317984,8103936.0,"full cache scores 0.00: the model cannot do this task uncompressed here, so nothing below it is evidence about compression"
multistep,low,published,393.3333333333333,96,95,0.8054607508532423,0.1945392491467577,0.9,0.9003412845904867,0.0,False,SnapKV,snapkv,0.0,0.0,6,0.0,0.0,0.0,0.0,0.0,344.6666666666667,95.0,439.6666666666667,440.3333333333333,8103936.0,"full cache scores 0.00: the model cannot do this task uncompressed here, so nothing below it is evidence about compression"
multistep,medium,prompt_protected,399,96,95,0.8076923076923077,0.19230769230769232,0.9,0.8997989165509193,0.0,False,H2O (prompt-protected),pp-h2o,0.0,0.0,6,0.0,0.0,0.0,0.0,0.0,399.0,45.5,444.5,444.1607476740025,8193024.0,"full cache scores 0.00: the model cannot do this task uncompressed here, so nothing below it is evidence about compression"
multistep,medium,prompt_protected,399,96,95,0.8076923076923077,0.19230769230769232,0.9,0.8997989165509193,0.0,False,Prompt-protected random,random,0.0,0.0,6,0.0,0.0,,,,399.0,45.5,444.5,455.4189825997495,8193024.0,"full cache scores 0.00: the model cannot do this task uncompressed here, so nothing below it is evidence about compression"
multistep,medium,published,399,96,95,0.8076923076923077,0.19230769230769232,0.3,0.2995944237206296,0.0,False,CAKE-style,cake,0.0,0.0,6,0.0,0.0,,,,53.0,95.0,148.0,446.0,2727936.0,"full cache scores 0.00: the model cannot do this task uncompressed here, so nothing below it is evidence about compression"
multistep,medium,published,399,96,95,0.8076923076923077,0.19230769230769232,0.3,0.2995944237206296,0.0,False,H2O,h2o,0.0,0.0,6,0.0,0.0,,,,101.37962962962963,46.62037037037037,148.0,464.58796488387594,2727936.0,"full cache scores 0.00: the model cannot do this task uncompressed here, so nothing below it is evidence about compression"
multistep,medium,published,399,96,95,0.8076923076923077,0.19230769230769232,0.3,0.2995944237206296,0.0,False,OBCache 1st-order,obcache,0.0,0.0,6,0.0,0.0,,,,53.0,95.0,148.0,446.0,2727936.0,"full cache scores 0.00: the model cannot do this task uncompressed here, so nothing below it is evidence about compression"
multistep,medium,published,399,96,95,0.8076923076923077,0.19230769230769232,0.3,0.2995944237206296,0.0,False,SnapKV,snapkv,0.0,0.0,6,0.0,0.0,,,,53.0,95.0,148.0,446.0,2727936.0,"full cache scores 0.00: the model cannot do this task uncompressed here, so nothing below it is evidence about compression"
multistep,medium,published,399,96,95,0.8076923076923077,0.19230769230769232,0.6,0.6002044928302898,0.0,False,CAKE-style,cake,0.0,0.0,6,0.0,0.0,,,,201.5,95.0,296.5,446.0,5465088.0,"full cache scores 0.00: the model cannot do this task uncompressed here, so nothing below it is evidence about compression"
multistep,medium,published,399,96,95,0.8076923076923077,0.19230769230769232,0.6,0.6002044928302898,0.0,False,H2O,h2o,0.0,0.0,6,0.0,0.0,,,,214.36111111111111,82.13888888888889,296.5,451.71630451660593,5465088.0,"full cache scores 0.00: the model cannot do this task uncompressed here, so nothing below it is evidence about compression"
multistep,medium,published,399,96,95,0.8076923076923077,0.19230769230769232,0.6,0.6002044928302898,0.0,False,OBCache 1st-order,obcache,0.0,0.0,6,0.0,0.0,,,,201.5,95.0,296.5,446.0,5465088.0,"full cache scores 0.00: the model cannot do this task uncompressed here, so nothing below it is evidence about compression"
multistep,medium,published,399,96,95,0.8076923076923077,0.19230769230769232,0.6,0.6002044928302898,0.0,False,SnapKV,snapkv,0.0,0.0,6,0.0,0.0,,,,201.5,95.0,296.5,446.0,5465088.0,"full cache scores 0.00: the model cannot do this task uncompressed here, so nothing below it is evidence about compression"
multistep,medium,published,399,96,95,0.8076923076923077,0.19230769230769232,0.9,0.8997989165509193,0.0,False,CAKE-style,cake,0.0,0.0,6,0.0,0.0,0.0,0.0,0.0,349.5,95.0,444.5,446.0,8193024.0,"full cache scores 0.00: the model cannot do this task uncompressed here, so nothing below it is evidence about compression"
multistep,medium,published,399,96,95,0.8076923076923077,0.19230769230769232,0.9,0.8997989165509193,0.0,False,H2O,h2o,0.0,0.0,6,0.0,0.0,0.0,0.0,0.0,349.5,95.0,444.5,446.0,8193024.0,"full cache scores 0.00: the model cannot do this task uncompressed here, so nothing below it is evidence about compression"
multistep,medium,published,399,96,95,0.8076923076923077,0.19230769230769232,0.9,0.8997989165509193,0.0,False,OBCache 1st-order,obcache,0.0,0.0,6,0.0,0.0,0.0,0.0,0.0,349.5,95.0,444.5,446.0,8193024.0,"full cache scores 0.00: the model cannot do this task uncompressed here, so nothing below it is evidence about compression"
multistep,medium,published,399,96,95,0.8076923076923077,0.19230769230769232,0.9,0.8997989165509193,0.0,False,Prompt-protected random,random,0.0,0.0,6,0.0,0.0,,,,399.0,45.5,444.5,455.4189825997495,8193024.0,"full cache scores 0.00: the model cannot do this task uncompressed here, so nothing below it is evidence about compression"
multistep,medium,published,399,96,95,0.8076923076923077,0.19230769230769232,0.9,0.8997989165509193,0.0,False,SnapKV,snapkv,0.0,0.0,6,0.0,0.0,0.0,0.0,0.0,349.5,95.0,444.5,446.0,8193024.0,"full cache scores 0.00: the model cannot do this task uncompressed here, so nothing below it is evidence about compression"
needle,none,prompt_protected,131,64,63,0.6752577319587629,0.3247422680412371,0.9,0.900343388908998,1.0,True,H2O (prompt-protected),pp-h2o,1.0,0.0,6,1.0,1.0,0.0,0.0,0.0,131.0,43.666666666666664,174.66666666666666,161.39996133818806,3219456.0,
needle,none,prompt_protected,131,64,63,0.6752577319587629,0.3247422680412371,0.9,0.900343388908998,1.0,True,Prompt-protected random,random,1.0,0.0,6,1.0,1.0,,,,131.0,43.666666666666664,174.66666666666666,163.83628313170465,3219456.0,
needle,none,prompt_protected,389.5,96,95,0.803921568627451,0.19607843137254902,0.9,0.8999020804175889,1.0,True,H2O (prompt-protected),pp-h2o,1.0,0.0,6,1.0,1.0,0.0,0.0,0.0,389.5,46.5,436.0,434.78317553262866,8036352.0,
needle,none,prompt_protected,389.5,96,95,0.803921568627451,0.19607843137254902,0.9,0.8999020804175889,1.0,True,Prompt-protected random,random,1.0,0.0,6,1.0,1.0,,,,389.5,46.5,436.0,445.4040299405557,8036352.0,
needle,none,published,131,64,63,0.6752577319587629,0.3247422680412371,0.3,0.2989510921455583,1.0,True,H2O,h2o,0.5,0.5,6,0.16666666666666666,0.8333333333333334,,,,38.28703703703704,19.712962962962962,58.0,176.20233818132522,1069056.0,
needle,none,published,131,64,63,0.6752577319587629,0.3247422680412371,0.6,0.5996784893795292,1.0,True,CAKE-style,cake,1.0,0.0,6,1.0,1.0,,,,53.333333333333336,63.0,116.33333333333333,162.0,2144256.0,
needle,none,published,131,64,63,0.6752577319587629,0.3247422680412371,0.6,0.5996784893795292,1.0,True,H2O,h2o,1.0,0.0,6,1.0,1.0,,,,76.35416666666667,39.979166666666664,116.33333333333333,169.98024489960562,2144256.0,
needle,none,published,131,64,63,0.6752577319587629,0.3247422680412371,0.6,0.5996784893795292,1.0,True,OBCache 1st-order,obcache,0.3333333333333333,0.4714045207910317,6,0.0,0.6666666666666666,,,,53.333333333333336,63.0,116.33333333333333,162.0,2144256.0,
needle,none,published,131,64,63,0.6752577319587629,0.3247422680412371,0.6,0.5996784893795292,1.0,True,SnapKV,snapkv,1.0,0.0,6,1.0,1.0,,,,53.333333333333336,63.0,116.33333333333333,162.0,2144256.0,
needle,none,published,131,64,63,0.6752577319587629,0.3247422680412371,0.9,0.900343388908998,1.0,True,CAKE-style,cake,1.0,0.0,6,1.0,1.0,0.0,0.0,0.0,111.66666666666667,63.0,174.66666666666666,162.0,3219456.0,
needle,none,published,131,64,63,0.6752577319587629,0.3247422680412371,0.9,0.900343388908998,1.0,True,H2O,h2o,1.0,0.0,6,1.0,1.0,0.0,0.0,0.0,116.86805555555556,57.798611111111114,174.66666666666666,163.91153572283915,3219456.0,
needle,none,published,131,64,63,0.6752577319587629,0.3247422680412371,0.9,0.900343388908998,1.0,True,OBCache 1st-order,obcache,1.0,0.0,6,1.0,1.0,0.0,0.0,0.0,111.66666666666667,63.0,174.66666666666666,162.0,3219456.0,
needle,none,published,131,64,63,0.6752577319587629,0.3247422680412371,0.9,0.900343388908998,1.0,True,Prompt-protected random,random,1.0,0.0,6,1.0,1.0,,,,131.0,43.666666666666664,174.66666666666666,163.83628313170465,3219456.0,
needle,none,published,131,64,63,0.6752577319587629,0.3247422680412371,0.9,0.900343388908998,1.0,True,SnapKV,snapkv,1.0,0.0,6,1.0,1.0,0.0,0.0,0.0,111.66666666666667,63.0,174.66666666666666,162.0,3219456.0,
needle,none,published,389.5,96,95,0.803921568627451,0.19607843137254902,0.3,0.2996179418950412,1.0,True,CAKE-style,cake,0.6666666666666666,0.4714045207910317,6,0.3333333333333333,1.0,,,,50.166666666666664,95.0,145.16666666666666,436.5,2675712.0,
needle,none,published,389.5,96,95,0.803921568627451,0.19607843137254902,0.3,0.2996179418950412,1.0,True,H2O,h2o,0.16666666666666666,0.37267799624996495,6,0.0,0.5,,,,101.56944444444444,43.59722222222222,145.16666666666666,456.11497883933043,2675712.0,
needle,none,published,389.5,96,95,0.803921568627451,0.19607843137254902,0.3,0.2996179418950412,1.0,True,OBCache 1st-order,obcache,0.0,0.0,6,0.0,0.0,,,,50.166666666666664,95.0,145.16666666666666,436.5,2675712.0,
needle,none,published,389.5,96,95,0.803921568627451,0.19607843137254902,0.3,0.2996179418950412,1.0,True,SnapKV,snapkv,0.6666666666666666,0.4714045207910317,6,0.3333333333333333,1.0,,,,50.166666666666664,95.0,145.16666666666666,436.5,2675712.0,
needle,none,published,389.5,96,95,0.803921568627451,0.19607843137254902,0.6,0.5999332613295653,1.0,True,CAKE-style,cake,1.0,0.0,6,1.0,1.0,,,,195.66666666666666,95.0,290.6666666666667,436.5,5357568.0,
needle,none,published,389.5,96,95,0.803921568627451,0.19607843137254902,0.6,0.5999332613295653,1.0,True,H2O,h2o,0.6666666666666666,0.4714045207910317,6,0.3333333333333333,1.0,,,,208.30324074074076,82.36342592592592,290.6666666666667,442.0785146878395,5357568.0,
needle,none,published,389.5,96,95,0.803921568627451,0.19607843137254902,0.6,0.5999332613295653,1.0,True,OBCache 1st-order,obcache,0.5,0.5,6,0.16666666666666666,0.8333333333333334,,,,195.66666666666666,95.0,290.6666666666667,436.5,5357568.0,
needle,none,published,389.5,96,95,0.803921568627451,0.19607843137254902,0.6,0.5999332613295653,1.0,True,SnapKV,snapkv,1.0,0.0,6,1.0,1.0,,,,195.66666666666666,95.0,290.6666666666667,436.5,5357568.0,
needle,none,published,389.5,96,95,0.803921568627451,0.19607843137254902,0.9,0.8999020804175889,1.0,True,CAKE-style,cake,1.0,0.0,6,1.0,1.0,0.0,0.0,0.0,341.0,95.0,436.0,436.5,8036352.0,
needle,none,published,389.5,96,95,0.803921568627451,0.19607843137254902,0.9,0.8999020804175889,1.0,True,H2O,h2o,1.0,0.0,6,1.0,1.0,0.0,0.0,0.0,341.0,95.0,436.0,436.5,8036352.0,
needle,none,published,389.5,96,95,0.803921568627451,0.19607843137254902,0.9,0.8999020804175889,1.0,True,OBCache 1st-order,obcache,1.0,0.0,6,1.0,1.0,0.0,0.0,0.0,341.0,95.0,436.0,436.5,8036352.0,
needle,none,published,389.5,96,95,0.803921568627451,0.19607843137254902,0.9,0.8999020804175889,1.0,True,Prompt-protected random,random,1.0,0.0,6,1.0,1.0,,,,389.5,46.5,436.0,445.4040299405557,8036352.0,
needle,none,published,389.5,96,95,0.803921568627451,0.19607843137254902,0.9,0.8999020804175889,1.0,True,SnapKV,snapkv,1.0,0.0,6,1.0,1.0,0.0,0.0,0.0,341.0,95.0,436.0,436.5,8036352.0,
